,0,1,2,3,4,5,6,7,8,9,10,11,12,13,14,15,16,17,18,19,20,21,22,23,24,25,26,27,28,29,30,31,32,33,34,35,36,37,38,39,40,41,42,43,44,45,46,47,48,49,50,51,52,53,54,55,56,57,58,59,60,61
0,1,0.7088818060216971,0.7625836564914961,0.6935065948215232,0.34358966821867426,0.45818527144985355,0.2858589062619635,0.36712793244555425,0.6176159559549393,0.27315785187315617,0.20622392875441634,0.13185491356471943,0.16848651253954602,0.15780877052591846,0.15442161780840105,0.1385183830053613,0.15689685646329324,0.1487650938848642,0.08345837910432986,0.12401717594160493,0.1182374569107051,0.12184224676555284,0.08406288810250717,0.09580885058200755,0.3945978985030869,0.13040564955970374,0.077971631787546,0.08671742024388726,0.19369979568658224,0.12545792460080324,0.12812787604336634,0.1289457606335355,0.17941148245899935,0.2091432017184934,0.059858026553128406,0.07639472413371158,0.12957735891580147,0.12702296263961665,0.06325287540788467,0.20766797606521575,0.20391795496097723,0.12715316416328476,0.05346628374023814,0.1533454405153428,0.03531089573463913,0.0931497960882538,0.05141483151612932,0.13463385089917418,0.04657908550698194,0.1774957107776296,0.09880412062264143,0.04356780334068808,0.05708629026685277,0.06782200895379682,0.08313768822346695,0.11772309393124454,0.04105793430124387,0.17058601328058573,0.040206435085841534,0.038545363695457704,0.04445952091235214,0.037238500162156865
1,0.7088818060216971,1,0.7329298891901523,0.8299152026006236,0.6966085062586574,0.8343932655934589,0.49096464433543124,0.7256123711117431,0.7735213121238284,0.6862481516388153,0.414893127905647,0.5340316897044599,0.5731928071347653,0.5111011290443117,0.5136680527181983,0.4901880438113001,0.5081215059083297,0.5113615401602795,0.46332327202408924,0.47270940857275795,0.42108113756799176,0.4919896804137865,0.4580357113974295,0.41392775482519134,0.6173437681340397,0.48943013334612445,0.37004436143446173,0.44392829235022746,0.4929505377503598,0.5220579318493851,0.46070646949226934,0.4828009339400508,0.48089155486985025,0.5305380555285745,0.3906093768422622,0.39814577755569497,0.4323076362924173,0.42224893570354927,0.4038148451555823,0.5322550178804364,0.4869444585486317,0.4169135694267174,0.40838950797007156,0.43204733362791486,0.3430035210294274,0.45512264402137076,0.35120590756471615,0.44580825450885003,0.41695186436661014,0.4774102990302342,0.41760838997290967,0.3872886474650227,0.36095336573726333,0.41709527421736275,0.38944989772243127,0.4382949377633004,0.3769991917127529,0.4200059518470577,0.3702509104624291,0.3960055796540049,0.37448722794960765,0.35565116844748706
2,0.7625836564914961,0.7329298891901523,1,0.8658014075595367,0.6668210314434767,0.7576362411626323,0.6294700562635002,0.6476651784815858,0.8427089023396849,0.5890815222137007,0.4814000233897233,0.4797257988945929,0.5180074478161985,0.4850593720943584,0.44196615101699316,0.465355321586271,0.5060861487145932,0.5001276662880388,0.42281123867066583,0.4511557659629772,0.4092001730933638,0.48027587580794534,0.40662148084953353,0.41440889897278316,0.6567323615355728,0.4519311812881154,0.3695488222041124,0.4144391569803061,0.503061455836006,0.47513534591063084,0.4179242141728636,0.43794454940492955,0.48963360502748815,0.5256017624738586,0.3823800488019739,0.38443920078235505,0.4363580407824382,0.4359291408271122,0.38341792339354874,0.5065752263704618,0.5012111963216352,0.4313662608810602,0.4004274318488614,0.4312523529692665,0.40628786990963317,0.4516573231951488,0.35575428775638096,0.4677939547223147,0.42691635691625895,0.4742430705611399,0.4066813378301413,0.3567674869845398,0.3505189098476847,0.39988467838028313,0.3978064437658701,0.43756644953152385,0.35861173686773684,0.4763784006528144,0.34321648513565134,0.3776471867811918,0.35844840795122057,0.33948230748088637
3,0.6935065948215232,0.8299152026006236,0.8658014075595367,1,0.6594910518486874,0.8503833283613946,0.5731228497511366,0.714275717063383,0.8905729021197605,0.6609705537014431,0.5142885321935321,0.5502318676500365,0.5374656775004161,0.49431797237756436,0.4780707198746449,0.47515010882970476,0.5207250944643578,0.520946723367847,0.47520390981779603,0.4691892167452745,0.4285647553441508,0.501267735216991,0.4426462579633576,0.4242026665607332,0.659850180808482,0.47557540216230115,0.39162334484946604,0.43445847692149103,0.5181522596393168,0.5051517050626476,0.4452262502611971,0.46623336556593864,0.5053412438595094,0.5839521550638969,0.4103813129489613,0.403849887290811,0.4378264377693646,0.4401372810458179,0.40450667978132815,0.5592573567456045,0.5245756663738657,0.42916846781584,0.4121805541991791,0.44752954834865205,0.36174963494912443,0.48798656064568857,0.3781101214211669,0.4743243037349799,0.44846394382786325,0.49863511760109597,0.42357507743342954,0.38115861624606945,0.36708514020373056,0.42753113518145325,0.40361970952743237,0.4591871810909853,0.378860302669549,0.49215631165585644,0.3675618247123834,0.40232936858868135,0.3776476840182158,0.35779461197721163
4,0.34358966821867426,0.6966085062586574,0.6668210314434767,0.6594910518486874,1,0.8645853207594397,0.9092319417131822,0.8333954282619382,0.8606597734660701,0.8801736344716518,0.6821135437935204,0.8394553596177583,0.8293634102597016,0.8368498722570572,0.73915560017784,0.8158446912043568,0.8787148083121206,0.8890166080888015,0.7799239451141219,0.7756873088806768,0.7043874908204425,0.8742771551813341,0.7615685732220645,0.7421116848833696,0.8082204171088316,0.7908242692839947,0.6782849264425069,0.7559632342510243,0.7705601370455704,0.8571574216048868,0.7332026848549327,0.7752907443678647,0.762474044298429,0.754596399536756,0.7125217124856659,0.7045996408404365,0.7601045054390033,0.741182913744031,0.7244053738203011,0.7404995276565673,0.75210016050676,0.7359590999923329,0.7295004695756181,0.6888562489398359,0.6491150200644226,0.7997833344451755,0.6615388603344614,0.7395709677687882,0.8000952530631109,0.7426761281762588,0.7259526411761092,0.6892713265742179,0.6691816289849227,0.7350998885470944,0.711030576590482,0.740071639439238,0.6985410724521809,0.7198990846906665,0.6708874493181819,0.7247505150336317,0.6925672698406796,0.6610958056433066
5,0.45818527144985355,0.8343932655934589,0.7576362411626323,0.8503833283613946,0.8645853207594397,1,0.779590705605746,0.8732287365591567,0.8863674078433226,0.8891314480061524,0.7033169918907904,0.808609297462825,0.8109463747364296,0.7870375666978958,0.7570823021115337,0.7710606669654845,0.7688522696865165,0.7717105334815798,0.7559190734405286,0.7522827800096112,0.6911276030493612,0.7638716298204621,0.7336175601393573,0.7193680915707095,0.8470201869075247,0.7549283634012321,0.668487499002015,0.7384349893802078,0.770796550197448,0.7786190870368558,0.7190621748452275,0.7416586907066991,0.7622375253408551,0.8020901180928784,0.6982233032522999,0.6836669201977181,0.7094662798525933,0.7106990290922014,0.6984805242792943,0.7804553116367432,0.7581885793670908,0.6956594220521222,0.7085363761503708,0.7013737699785706,0.6458394205956096,0.7441709271212387,0.6578347468449437,0.7343857380554131,0.7395230270103037,0.7512464168211881,0.7093139386659211,0.6813670239627713,0.6543927295252676,0.7079158993644039,0.6867777436075253,0.7284233697696518,0.6774270776659082,0.7144791831590782,0.6604274584872882,0.6972215807972302,0.6702073600250431,0.6546959763087717
6,0.2858589062619635,0.49096464433543124,0.6294700562635002,0.5731228497511366,0.9092319417131822,0.779590705605746,1,0.8367825517597216,0.8398709019450481,0.8816687969501847,0.8657680655938346,0.9053493597589256,0.8761503537615533,0.9142209399143969,0.8325046553863479,0.9036755695888887,0.9367695287112728,0.9372820957853003,0.8793418120846247,0.871381972974193,0.836847606861928,0.929751052705966,0.8589873638832024,0.8742150821633141,0.8937435761947855,0.8767161651544562,0.8389795367748172,0.8640353589495845,0.8832144632567542,0.8994530065568065,0.8408381612262107,0.863999448665941,0.8782423270417663,0.8586177802967094,0.8512230354438164,0.8363188074379173,0.8788193217230958,0.8729306250194836,0.8492057372763965,0.8366071692935808,0.8740757290894606,0.8687636862111572,0.8493271988533533,0.8299103186909038,0.8042829821513109,0.8898895054406701,0.8224891500484838,0.8636288872436866,0.8984609562654479,0.8628360408805246,0.8555543894995499,0.8187527533193222,0.8216267152548559,0.8497311766060685,0.8503141252962001,0.8616032679815666,0.8326997800926609,0.8744011394336326,0.8105427699247569,0.844400174773215,0.8283076310104476,0.8100932025036801
7,0.36712793244555425,0.7256123711117431,0.6476651784815858,0.714275717063383,0.8333954282619382,0.8732287365591567,0.8367825517597216,1,0.8765547803564184,0.9803856012520574,0.8904963311129519,0.9385963913109809,0.9634068397434585,0.9336708289165516,0.9397295213627406,0.9294676439359585,0.927485165655336,0.9242049479034913,0.9249467267719542,0.9312511596140747,0.9136273861138436,0.9234328299749401,0.9251440749459027,0.9019405981804884,0.9565052168338601,0.9399522962964647,0.8813989468858308,0.9145691341315849,0.9400988745745267,0.9429271313255988,0.9260808587327551,0.9370484165824163,0.9362058578452219,0.9563859048969678,0.8973868111174387,0.9042055800689649,0.9179477357069791,0.9133698049863542,0.9037946662603029,0.9597110532751817,0.9408195798057222,0.9105866325159419,0.9070436136311408,0.9136598638689617,0.8669597129657142,0.9326673528022665,0.8772057722408034,0.9273733301002343,0.9062531934217822,0.9341898917832215,0.9077149754753575,0.8934800469406499,0.8797348503635407,0.915332614659857,0.8985597864923554,0.9230455406774337,0.8905308163849139,0.9148089440734772,0.8860822990189305,0.9028896899316323,0.8907948901794769,0.8764481146386436
8,0.6176159559549393,0.7735213121238284,0.8427089023396849,0.8905729021197605,0.8606597734660701,0.8863674078433226,0.8398709019450481,0.8765547803564184,1,0.859106394829418,0.7378414654405876,0.7977204397280466,0.7714210631066888,0.765997637065941,0.7172217211960364,0.7489366145490948,0.8092511574839005,0.8073588601680031,0.7380485363256413,0.7222555739811594,0.6901673676685465,0.7881275878568431,0.7123421810615693,0.6984186015164209,0.8710271811545514,0.7429699357508104,0.668642802890341,0.6980863747176359,0.763372333718613,0.7795798703736436,0.7211103992399696,0.743270680362986,0.7534626913120398,0.7891756189953208,0.6802140754377579,0.6727992532121273,0.725586222005453,0.7164028541409976,0.6781595591923804,0.7724179980945811,0.7734934295786224,0.7194434806712623,0.6779673804312936,0.7042965751506531,0.6275959972830419,0.7468867496670863,0.6443407506569013,0.7278418231452053,0.7141781338593184,0.7544467766993584,0.7006929152387397,0.6492573913435058,0.6500189368624848,0.6900110141912005,0.6809179845587041,0.7176884374827036,0.6540827979575139,0.7494546173563511,0.6391945278521779,0.6703783869056796,0.6508376968939401,0.630963495447815
9,0.27315785187315617,0.6862481516388153,0.5890815222137007,0.6609705537014431,0.8801736344716518,0.8891314480061524,0.8816687969501847,0.9803856012520574,0.859106394829418,1,0.8929727990462264,0.9776514121202355,0.9778742405208489,0.9656823959215031,0.9518953643772892,0.959610357382479,0.9607895260199564,0.95921279502488,0.9581061012105727,0.947692469921321,0.9201061279573791,0.9583742660221063,0.9510458819718185,0.9285703319474637,0.953712538313294,0.9602396038221613,0.9045856346200122,0.9410628947347047,0.9503815099514755,0.9707458914841999,0.9427960931207874,0.9573854755881769,0.9470103264920026,0.9591999990945543,0.9217701551942996,0.9171310422878006,0.93562335892809,0.9297402976180698,0.9260582384492606,0.956400188431883,0.9480893048996752,0.9283238432383095,0.9282655052326554,0.9189493261874428,0.8810742259393937,0.9507423727395963,0.8945216126280774,0.9375203028697386,0.9375430999467669,0.946992652227683,0.9304549295221511,0.9133277639420635,0.9006530176479085,0.9310391224464984,0.9167610403928425,0.9370162039481706,0.9128397515106051,0.9218398184320248,0.903962992721873,0.9248564063648812,0.9093397281030954,0.8962632102394309
10,0.20622392875441634,0.414893127905647,0.4814000233897233,0.5142885321935321,0.6821135437935204,0.7033169918907904,0.8657680655938346,0.8904963311129519,0.7378414654405876,0.8929727990462264,1,0.9301551620675528,0.9242040157697967,0.9417559000627922,0.9546660853731482,0.9473811407038494,0.9083990451102292,0.8982309352126213,0.9532497485787393,0.9566698300177874,0.9709342882938449,0.9069784558019053,0.9504919866780364,0.9674459008635063,0.9427952133260306,0.9497989036070065,0.9741114581822344,0.9561526065563756,0.9735085457294479,0.9069850689459495,0.9510149316799973,0.9441942465247487,0.9733155872045204,0.9727505801031296,0.9681802682478517,0.9643676296262459,0.9613590304015189,0.9713166913964757,0.9606094862878903,0.9653197474056868,0.9770414334133688,0.9646405128296284,0.9559738244529903,0.9740760588911473,0.9419939131949406,0.9496410538968567,0.9722757213169592,0.9709546907259154,0.9433170183485232,0.9706938892985334,0.9644646756655042,0.9550822739815976,0.962949180012608,0.9591583748372187,0.9671371985920104,0.9699210862858643,0.9587130628219992,0.9870932833391349,0.9579767088736988,0.9556413560345595,0.9601244800936788,0.959577445579536
11,0.13185491356471943,0.5340316897044599,0.4797257988945929,0.5502318676500365,0.8394553596177583,0.808609297462825,0.9053493597589256,0.9385963913109809,0.7977204397280466,0.9776514121202355,0.9301551620675528,1,0.9760011827128281,0.9816758613099752,0.9621221529541688,0.979861790574977,0.9824051465595524,0.9796651142819937,0.9904317574519892,0.9649529006439895,0.948188568785633,0.9818142228603417,0.9785522692805644,0.963973360887643,0.9361853689124513,0.9782729565932673,0.9511362294420826,0.9681289597940984,0.9647862374558803,0.9835204308451491,0.9668597187046322,0.9781383596511891,0.9639122930906706,0.9667368127211569,0.9629379420349171,0.9509230342523682,0.9649459423918834,0.9608842318593827,0.9616059616408704,0.9596376684990261,0.9657880738870214,0.96228127226011,0.961477785532854,0.944320264155049,0.9212351851773264,0.9768390105768937,0.9399255641568939,0.9611794981513363,0.971852354220986,0.9672120917104522,0.9644250022624609,0.9491683233210936,0.9451714689930975,0.9616327575982774,0.9535666272887844,0.9634930034224115,0.9525903995500464,0.9550366318694319,0.9436652165939189,0.9608122789502636,0.948253160697846,0.9388844466775699
12,0.16848651253954602,0.5731928071347653,0.5180074478161985,0.5374656775004161,0.8293634102597016,0.8109463747364296,0.8761503537615533,0.9634068397434585,0.7714210631066888,0.9778742405208489,0.9242040157697967,0.9760011827128281,1,0.9876476466504762,0.9831755265076647,0.9874586399849172,0.9684295782812818,0.9655488696525384,0.9804264354130229,0.9863752748581712,0.9676971819417519,0.971824817475763,0.9839932191089793,0.9710706379206847,0.9478947934262256,0.989985013494584,0.9494875933345096,0.9812648666240448,0.9797765651505558,0.9862176555090265,0.974191829180444,0.9840110153809541,0.9789958494458177,0.9746810007837153,0.966453592331774,0.968351659800196,0.9749559913669208,0.971793720272701,0.972870048690797,0.9771188558309812,0.9727846502955588,0.9678364777349994,0.9776452909110465,0.9603706173877142,0.9461245707793261,0.9828778746606153,0.9491113161626495,0.9781753636900369,0.9771130714779228,0.9733435055042486,0.9701635306869303,0.9651709796253829,0.9513121557656162,0.9776209840382641,0.9661227360920243,0.9771569509527448,0.964762095735229,0.9558057191391227,0.9579962122385279,0.9741217113877284,0.963473950548472,0.9522697908891589
13,0.15780877052591846,0.5111011290443117,0.4850593720943584,0.49431797237756436,0.8368498722570572,0.7870375666978958,0.9142209399143969,0.9336708289165516,0.765997637065941,0.9656823959215031,0.9417559000627922,0.9816758613099752,0.9876476466504762,1,0.9805429791997928,0.9992233115025118,0.9801553204763264,0.9770827121538498,0.9885519810890423,0.9907621648202548,0.9739783795840546,0.9828010463162494,0.9891024077771986,0.9871112049609374,0.9555458738385288,0.9942230699216701,0.96714087929573,0.9900731212015498,0.9876870575963952,0.9878632621404384,0.9800472309871106,0.9887317004070661,0.9871249797716014,0.9720916080178535,0.9788302371689384,0.9756913118973097,0.9882298029914592,0.9852937902746691,0.9825456922516692,0.9703789289922728,0.9809686614131146,0.9816985465298039,0.9820771062614884,0.9684342088634899,0.9456070229231941,0.9862468411107055,0.9624471650901177,0.9824327716260414,0.9874755069163696,0.9819113559020471,0.9830214179312979,0.9723282330178374,0.9656555472530908,0.9819146401961696,0.978578951531567,0.9847111271057756,0.9752731285418407,0.9699826105055585,0.9663195529730771,0.9804201971015081,0.9728093045770664,0.963631802266771
14,0.15442161780840105,0.5136680527181983,0.44196615101699316,0.4780707198746449,0.73915560017784,0.7570823021115337,0.8325046553863479,0.9397295213627406,0.7172217211960364,0.9518953643772892,0.9546660853731482,0.9621221529541688,0.9831755265076647,0.9805429791997928,1,0.9850431649486175,0.9388132440128275,0.9316228050759359,0.9839388910747034,0.9909248098790499,0.9904389689208495,0.9423004048668732,0.992197421263139,0.987454574504504,0.9499903571773006,0.9912934179756016,0.9817378885540831,0.9923820776728421,0.9898951740171127,0.9620440888465295,0.9912989893523989,0.9890089132919093,0.9906513229413547,0.985071719108247,0.9870617971820309,0.988973966063106,0.9851387318541276,0.9874770391443459,0.9898578306959616,0.9902670634029077,0.9876524482399461,0.9838762888864483,0.9889920011367068,0.9899598130839845,0.966664890501537,0.9738395849088681,0.9814795283634395,0.9901561006823154,0.9678699763662832,0.9911263665613994,0.9901938128867014,0.9895331767523433,0.9832043821802244,0.98841183324325,0.9870642169804535,0.9913673609880529,0.9872149044589917,0.9757927401923414,0.9868542162983801,0.9872569527016052,0.986690987116387,0.9843036185509316
15,0.1385183830053613,0.4901880438113001,0.465355321586271,0.47515010882970476,0.8158446912043568,0.7710606669654845,0.9036755695888887,0.9294676439359585,0.7489366145490948,0.959610357382479,0.9473811407038494,0.979861790574977,0.9874586399849172,0.9992233115025118,0.9850431649486175,1,0.9761448532748959,0.9723709220099002,0.9912656737317679,0.9938660783190182,0.9808321761872401,0.9794832804582566,0.9930962257656969,0.9921372111638509,0.9528879395411756,0.9964853686313111,0.9750098453881071,0.9944189696113189,0.9904677852471915,0.9860051183494074,0.985213168552309,0.9917720935866285,0.990524833315974,0.9750407566842654,0.9855967406550247,0.9829550537823372,0.9921538557389905,0.9902268687772109,0.9887782696839331,0.9741951801582396,0.9844950395017966,0.9867450245651639,0.9882494046597327,0.9755551767471463,0.9550282685183535,0.988145794435206,0.9715473514098846,0.9874616384142045,0.9895292189149293,0.986128840525713,0.9888034184368245,0.9803448942867448,0.9743102798828592,0.9876862201626303,0.9853048780294423,0.9898205361906145,0.9828461044634175,0.9752649812835449,0.9751431529861294,0.9867770312806889,0.9806539295918876,0.9728713588096024
16,0.15689685646329324,0.5081215059083297,0.5060861487145932,0.5207250944643578,0.8787148083121206,0.7688522696865165,0.9367695287112728,0.927485165655336,0.8092511574839005,0.9607895260199564,0.9083990451102292,0.9824051465595524,0.9684295782812818,0.9801553204763264,0.9388132440128275,0.9761448532748959,1,0.999272276054183,0.9719755105029932,0.9580493756653421,0.9376983348773675,0.9985240647070684,0.9647480143135553,0.9514599590145477,0.9287458002154332,0.9729639837432391,0.9304848292573794,0.953528746444841,0.9546819114818215,0.9921853433625802,0.9538623107069206,0.9713995292254923,0.9532868974614565,0.9412108158614729,0.9450006911147923,0.9402667235309834,0.9664572268648971,0.9557174988503032,0.9491832433410884,0.9382646544573833,0.9535530582277107,0.9592418084076788,0.9487257824830834,0.9274919044517864,0.906127834194778,0.9782622655619807,0.9198709702274661,0.9507233854517531,0.9714222935706237,0.9511564816018298,0.9503746057506022,0.9308111580913445,0.9277345703194905,0.9526238257996238,0.9438840927317989,0.9523849475076882,0.9378181261302359,0.9452565696424493,0.9253875897667833,0.9487426175853688,0.9350510894443632,0.919115746310473
17,0.1487650938848642,0.5113615401602795,0.5001276662880388,0.520946723367847,0.8890166080888015,0.7717105334815798,0.9372820957853003,0.9242049479034913,0.8073588601680031,0.95921279502488,0.8982309352126213,0.9796651142819937,0.9655488696525384,0.9770827121538498,0.9316228050759359,0.9723709220099002,0.999272276054183,1,0.9670151669726179,0.9538134061574355,0.9299365709168126,0.9989180308082981,0.9592508764329615,0.9448088085843723,0.9205854557529799,0.9683029709691476,0.9206451255091853,0.9481217962570346,0.948067339183737,0.9916896012340657,0.9457166765191525,0.9654675910881543,0.9465627200409058,0.9340323926702203,0.9377107063288729,0.9332167779040296,0.9599963487996741,0.9484515364836765,0.9427251722880629,0.9306414694014109,0.9452135378499321,0.9507309577226781,0.9424369241568709,0.9174111901739995,0.8942075742624774,0.9760083683263813,0.9108440130026904,0.9430722933403175,0.970000688820167,0.9424448783601147,0.9423909567515691,0.9232895742889863,0.9180941673079522,0.9473915823222003,0.9359990023944098,0.9457683666631986,0.9306195069821604,0.9360065397515208,0.9170118257302051,0.9431037116615056,0.9278089755189259,0.9101594105599861
18,0.08345837910432986,0.46332327202408924,0.42281123867066583,0.47520390981779603,0.7799239451141219,0.7559190734405286,0.8793418120846247,0.9249467267719542,0.7380485363256413,0.9581061012105727,0.9532497485787393,0.9904317574519892,0.9804264354130229,0.9885519810890423,0.9839388910747034,0.9912656737317679,0.9719755105029932,0.9670151669726179,1,0.9858299965421831,0.9796608684398267,0.9746383839766594,0.9963470915183381,0.9891114802515972,0.937587281173173,0.9929972218569009,0.9823532222257982,0.9910649188881712,0.9835398633724055,0.9814712172159266,0.9885829714050819,0.9927917333104008,0.9844561406739757,0.9795195308664253,0.9904796895416965,0.982994576850776,0.9871641971630888,0.9864225656215249,0.9895703926887424,0.9770070930228981,0.9838859676469218,0.9862625043613558,0.9886756612754802,0.976069158414455,0.959088183795877,0.9880485578223825,0.9769554266513647,0.9855919396094923,0.9857872749202491,0.9871354751327538,0.9903059265778984,0.9830964889829029,0.9801689164874603,0.987888922039805,0.9845682145048186,0.9883719051714203,0.9851811059093312,0.9781087824239365,0.9799207988271781,0.9887059236832243,0.9823878114827961,0.9771237276929753
19,0.12401717594160493,0.47270940857275795,0.4511557659629772,0.4691892167452745,0.7756873088806768,0.7522827800096112,0.871381972974193,0.9312511596140747,0.7222555739811594,0.947692469921321,0.9566698300177874,0.9649529006439895,0.9863752748581712,0.9907621648202548,0.9909248098790499,0.9938660783190182,0.9580493756653421,0.9538134061574355,0.9858299965421831,1,0.991746601627398,0.964416135890106,0.9927163410273975,0.9930021150271706,0.9477805231939159,0.9960265427349573,0.978279974542829,0.9968288246693064,0.9946322137517644,0.9758813334232019,0.9847515565011565,0.9884020901839221,0.9951914534010019,0.9824116588888809,0.9895270399542729,0.9924909300456747,0.9925003157146619,0.9935414995775426,0.9937882657952246,0.9845860590826052,0.9872797396650987,0.986142503772771,0.9942782711117887,0.9845429422519875,0.9648271160020803,0.9908661074333589,0.9819863403572862,0.9944114267791464,0.9900053730200508,0.9873539698268592,0.9899569781563096,0.9889816999761804,0.9797112530866007,0.9961525091197985,0.9912201721954383,0.9963748342519823,0.9898668881695956,0.9801177063598122,0.9849138444648262,0.9939530988376263,0.9899591665432845,0.9823096503034917
20,0.1182374569107051,0.42108113756799176,0.4092001730933638,0.4285647553441508,0.7043874908204425,0.6911276030493612,0.836847606861928,0.9136273861138436,0.6901673676685465,0.9201061279573791,0.9709342882938449,0.948188568785633,0.9676971819417519,0.9739783795840546,0.9904389689208495,0.9808321761872401,0.9376983348773675,0.9299365709168126,0.9796608684398267,0.991746601627398,1,0.9421978323315341,0.9895956805508938,0.9924362561331329,0.9393807787240736,0.9888447889708945,0.9914706459091012,0.9914000704879982,0.9912511005669518,0.9554473151790204,0.9901295691774332,0.9860718248522751,0.9929625221070066,0.98041774403863,0.9940243710357799,0.9987821068534528,0.993589901654138,0.9965336467941449,0.9959155639858948,0.9860299155156824,0.990517638240935,0.9927105381379729,0.9933645608414666,0.9966285298733258,0.9756898188843848,0.9805024193178705,0.9945675269352617,0.9955659757209794,0.9745601669478008,0.9911623569956362,0.9943778695575647,0.9950352289393518,0.9932545945005551,0.9957515931264281,0.9971868025993841,0.9971973474940429,0.9953461266838937,0.9895846937309981,0.9954031912985798,0.9939837537185707,0.9966774910064065,0.9938520990845886
21,0.12184224676555284,0.4919896804137865,0.48027587580794534,0.501267735216991,0.8742771551813341,0.7638716298204621,0.929751052705966,0.9234328299749401,0.7881275878568431,0.9583742660221063,0.9069784558019053,0.9818142228603417,0.971824817475763,0.9828010463162494,0.9423004048668732,0.9794832804582566,0.9985240647070684,0.9989180308082981,0.9746383839766594,0.964416135890106,0.9421978323315341,1,0.9688385201689504,0.955934984055284,0.9217707072706609,0.9763946669494764,0.9327759370128135,0.9596162063212272,0.9568119667957704,0.9949791623876086,0.9548327041835679,0.9728705557432904,0.9559119373137335,0.9422303800374894,0.9499985361852933,0.9462736494991915,0.9687480100618359,0.9586422814470321,0.9550573002686881,0.9396597448942584,0.9529640826228531,0.9596318265506129,0.95521150299627,0.9292192921312981,0.9093423402198457,0.983767476263989,0.9255196022106486,0.9538756245892065,0.97954039421602,0.9510753083473745,0.9532950691555199,0.9377398293517688,0.9314412669426935,0.9595835933023933,0.9483921098257889,0.956872500981837,0.9444094881902023,0.9447709254618664,0.9316854736752275,0.9561436120443206,0.9419076930542681,0.925352506973331
22,0.08406288810250717,0.4580357113974295,0.40662148084953353,0.4426462579633576,0.7615685732220645,0.7336175601393573,0.8589873638832024,0.9251440749459027,0.7123421810615693,0.9510458819718185,0.9504919866780364,0.9785522692805644,0.9839932191089793,0.9891024077771986,0.992197421263139,0.9930962257656969,0.9647480143135553,0.9592508764329615,0.9963470915183381,0.9927163410273975,0.9895956805508938,0.9688385201689504,1,0.9929130819806745,0.9363527113505629,0.9976130102317414,0.9863663862503069,0.9962493554389013,0.9874502701323837,0.9805566440636828,0.9948191448673113,0.9969235945098737,0.9888421452192794,0.9785960741169335,0.9939455972345143,0.9922001203917652,0.9933950386930657,0.992307583226379,0.9961511863104954,0.9816374567501168,0.9862906691928953,0.9916965097559646,0.995091032734816,0.9849341887845715,0.9690960914479495,0.9885040595147011,0.9841440708047682,0.9911644975424805,0.98516634817632,0.9902799789376994,0.9952543806172944,0.9923204556898035,0.9879116881913645,0.9947859336573923,0.9920361621529018,0.993964564474686,0.9930846655007114,0.9790713674922764,0.9897798372627584,0.9952216726860658,0.9915796665754053,0.9867435961984216
23,0.09580885058200755,0.41392775482519134,0.41440889897278316,0.4242026665607332,0.7421116848833696,0.7193680915707095,0.8742150821633141,0.9019405981804884,0.6984186015164209,0.9285703319474637,0.9674459008635063,0.963973360887643,0.9710706379206847,0.9871112049609374,0.987454574504504,0.9921372111638509,0.9514599590145477,0.9448088085843723,0.9891114802515972,0.9930021150271706,0.9924362561331329,0.955934984055284,0.9929130819806745,1,0.9428947080563032,0.9911466803096932,0.9931110489835419,0.9976893322507491,0.992413519660121,0.9639223250366161,0.9887171067641628,0.9875999428481957,0.9939214066771851,0.9776927463041867,0.9976766489441664,0.9946059387407724,0.9943744124125243,0.9974008660992173,0.9973782522523129,0.9767986169291821,0.9889580671451297,0.9932208501461707,0.995636577926863,0.9900553769501984,0.9740229803158407,0.982019782087066,0.9924610138251868,0.9942719674863136,0.9853649262339513,0.9915435729112576,0.9975487410962244,0.993817205525206,0.9921444466548328,0.9937191995731883,0.9972257863925207,0.9965687741153256,0.995739177863705,0.9875258891766318,0.9916564939164056,0.994770487948148,0.9943696793356128,0.9919493223040066
24,0.3945978985030869,0.6173437681340397,0.6567323615355728,0.659850180808482,0.8082204171088316,0.8470201869075247,0.8937435761947855,0.9565052168338601,0.8710271811545514,0.953712538313294,0.9427952133260306,0.9361853689124513,0.9478947934262256,0.9555458738385288,0.9499903571773006,0.9528879395411756,0.9287458002154332,0.9205854557529799,0.937587281173173,0.9477805231939159,0.9393807787240736,0.9217707072706609,0.9363527113505629,0.9428947080563032,1,0.9503779236571742,0.9273294880660113,0.9400646953620295,0.9718107492546982,0.9321544199744608,0.9470209368008136,0.9486185398156787,0.9684568524022182,0.9719743948279117,0.9306688826269796,0.9297189706122777,0.9486222250130733,0.9502600089283211,0.9301204642317998,0.9675503359506068,0.9737242664090575,0.9471435904120343,0.9281485260848144,0.9514694793868272,0.9021760949573495,0.9338293677912748,0.918479422610437,0.955088845828852,0.9216373928188424,0.9678551504796419,0.9436771353508109,0.920588953396497,0.9204785806401605,0.9304345820051869,0.9357236033761148,0.9502032416509616,0.9207955465082979,0.9593281974305776,0.9150462186326059,0.9219955829367014,0.9192385438286717,0.9139201682052563
25,0.13040564955970374,0.48943013334612445,0.4519311812881154,0.47557540216230115,0.7908242692839947,0.7549283634012321,0.8767161651544562,0.9399522962964647,0.7429699357508104,0.9602396038221613,0.9497989036070065,0.9782729565932673,0.989985013494584,0.9942230699216701,0.9912934179756016,0.9964853686313111,0.9729639837432391,0.9683029709691476,0.9929972218569009,0.9960265427349573,0.9888447889708945,0.9763946669494764,0.9976130102317414,0.9911466803096932,0.9503779236571742,1,0.9792569172035163,0.9949977505481599,0.9919579963518188,0.98716784124915,0.992762765569309,0.9974282586456874,0.9924640967902679,0.981301985610457,0.9889433090807228,0.9898826781807665,0.9954241870191652,0.9930386403001141,0.9930210178218444,0.9846503790528996,0.9891380339285359,0.9912510302652763,0.9924163783853542,0.9834321804673745,0.963032360125432,0.9922817383856726,0.977596975547253,0.9924296351245567,0.9873795315490199,0.9907268189805413,0.9922556427334147,0.9869507184708326,0.9809071519613742,0.9938941807589526,0.9897133502653007,0.9943393604373207,0.9881410088772753,0.9799757554029659,0.9833446966501889,0.9920498579795396,0.9871814168895886,0.9796326728911446
26,0.077971631787546,0.37004436143446173,0.3695488222041124,0.39162334484946604,0.6782849264425069,0.668487499002015,0.8389795367748172,0.8813989468858308,0.668642802890341,0.9045856346200122,0.9741114581822344,0.9511362294420826,0.9494875933345096,0.96714087929573,0.9817378885540831,0.9750098453881071,0.9304848292573794,0.9206451255091853,0.9823532222257982,0.978279974542829,0.9914706459091012,0.9327759370128135,0.9863663862503069,0.9931110489835419,0.9273294880660113,0.9792569172035163,1,0.9871933042120945,0.9818235957215063,0.9416760096383553,0.9881766489302972,0.9806463937922419,0.9842380430601677,0.9711529175803518,0.9964262667395796,0.9923422802379477,0.9877529421576824,0.9924192466448555,0.9930823145164606,0.9721395977952031,0.9852168275341775,0.99242342248796,0.9886917912500747,0.9930456704077074,0.9777665614229881,0.9672046242733869,0.9970563717742618,0.9880860004533014,0.9661062667575898,0.9891317478980575,0.9957725153427478,0.9927953782354448,0.9982963948259916,0.9864254379220624,0.9952451456205891,0.9902003025037166,0.9942729604836033,0.9888385769392668,0.9946324427060685,0.9888253542066522,0.9934001553303616,0.9956981218389894
27,0.08671742024388726,0.44392829235022746,0.4144391569803061,0.43445847692149103,0.7559632342510243,0.7384349893802078,0.8640353589495845,0.9145691341315849,0.6980863747176359,0.9410628947347047,0.9561526065563756,0.9681289597940984,0.9812648666240448,0.9900731212015498,0.9923820776728421,0.9944189696113189,0.953528746444841,0.9481217962570346,0.9910649188881712,0.9968288246693064,0.9914000704879982,0.9596162063212272,0.9962493554389013,0.9976893322507491,0.9400646953620295,0.9949977505481599,0.9871933042120945,1,0.9918417446879684,0.971424664678271,0.9892720835621859,0.9902588176256836,0.9932093231384449,0.9792149886492753,0.9956446312076921,0.9941461395055836,0.9925154821575107,0.9945320226700805,0.9975818545948059,0.9801302905277806,0.986253796454359,0.9893196687674956,0.9974062931835045,0.9868911065072522,0.9721660678194859,0.9854388532094733,0.9882826224851856,0.993798988467403,0.9880955987417349,0.9896367475925151,0.9955889377404057,0.9946074543265582,0.9881610611859457,0.9958130296190242,0.9947412019329828,0.9964013690358331,0.9952664272489123,0.9801838715508935,0.9910281515276199,0.9966185319133899,0.993936106171573,0.9898766605127858
28,0.19369979568658224,0.4929505377503598,0.503061455836006,0.5181522596393168,0.7705601370455704,0.770796550197448,0.8832144632567542,0.9400988745745267,0.763372333718613,0.9503815099514755,0.9735085457294479,0.9647862374558803,0.9797765651505558,0.9876870575963952,0.9898951740171127,0.9904677852471915,0.9546819114818215,0.948067339183737,0.9835398633724055,0.9946322137517644,0.9912511005669518,0.9568119667957704,0.9874502701323837,0.992413519660121,0.9718107492546982,0.9919579963518188,0.9818235957215063,0.9918417446879684,1,0.9671224495819373,0.98638749712187,0.9869263143415999,0.9998307239222022,0.992177453293413,0.9880492249052225,0.9888058207561141,0.9921394272784937,0.9949689867698874,0.9890113621353264,0.9916054787557645,0.9971632963822674,0.9892119670945494,0.9880799594570208,0.9910320472882593,0.9635928980811279,0.9839284831151409,0.9817710479690204,0.9965354181343752,0.9798701884559755,0.9954885972895894,0.9909532424571437,0.9837712720780623,0.979873862071056,0.9896819445854529,0.9902299057102715,0.9963308160508757,0.9847244877723743,0.9914315864332127,0.98059633058769,0.9862651866846904,0.9844886302420797,0.9793236605289609
29,0.12545792460080324,0.5220579318493851,0.47513534591063084,0.5051517050626476,0.8571574216048868,0.7786190870368558,0.8994530065568065,0.9429271313255988,0.7795798703736436,0.9707458914841999,0.9069850689459495,0.9835204308451491,0.9862176555090265,0.9878632621404384,0.9620440888465295,0.9860051183494074,0.9921853433625802,0.9916896012340657,0.9814712172159266,0.9758813334232019,0.9554473151790204,0.9949791623876086,0.9805566440636828,0.9639223250366161,0.9321544199744608,0.98716784124915,0.9416760096383553,0.971424664678271,0.9671224495819373,1,0.9702401946486741,0.98518517364845,0.9667203352705382,0.9563487734577788,0.9596629406740366,0.9590557455512174,0.9759066229451244,0.9666914524661501,0.9663184870694852,0.9580872169745482,0.96338742194337,0.9673879511640134,0.9673937911508877,0.9447400753083149,0.9242388725780165,0.9875440843432269,0.9369246877132562,0.9654622384698567,0.9810282138050931,0.9638499655348579,0.9645212248048255,0.9536678188308085,0.9439207293761467,0.9710191836062652,0.9588316411358181,0.968113322174689,0.9569753065869939,0.949817841672971,0.9470142736116578,0.9675947118035005,0.954699624139148,0.940176050576615
30,0.12812787604336634,0.46070646949226934,0.4179242141728636,0.4452262502611971,0.7332026848549327,0.7190621748452275,0.8408381612262107,0.9260808587327551,0.7211103992399696,0.9427960931207874,0.9510149316799973,0.9668597187046322,0.974191829180444,0.9800472309871106,0.9912989893523989,0.985213168552309,0.9538623107069206,0.9457166765191525,0.9885829714050819,0.9847515565011565,0.9901295691774332,0.9548327041835679,0.9948191448673113,0.9887171067641628,0.9470209368008136,0.992762765569309,0.9881766489302972,0.9892720835621859,0.98638749712187,0.9702401946486741,1,0.9973793945782756,0.9880002355786123,0.9785403785027533,0.9904428955761798,0.9904003069370682,0.9930942017781264,0.9917994461256474,0.9919409472612132,0.9846246105496922,0.9906001323861766,0.9951018793492451,0.9888514834546067,0.9916616715287728,0.9701656354340483,0.9767414325396725,0.9834725765143085,0.9901460557791313,0.9682821879448315,0.9951699289570101,0.9960071851776586,0.9903855644484332,0.9908643874855683,0.9884928592439882,0.991354067119761,0.9916209304063411,0.9899594073559145,0.9830581091469164,0.9894257217903377,0.9881600314975502,0.9885881840746557,0.9869925375240081
31,0.1289457606335355,0.4828009339400508,0.43794454940492955,0.46623336556593864,0.7752907443678647,0.7416586907066991,0.863999448665941,0.9370484165824163,0.743270680362986,0.9573854755881769,0.9441942465247487,0.9781383596511891,0.9840110153809541,0.9887317004070661,0.9890089132919093,0.9917720935866285,0.9713995292254923,0.9654675910881543,0.9927917333104008,0.9884020901839221,0.9860718248522751,0.9728705557432904,0.9969235945098737,0.9875999428481957,0.9486185398156787,0.9974282586456874,0.9806463937922419,0.9902588176256836,0.9869263143415999,0.98518517364845,0.9973793945782756,1,0.987910922869313,0.9781151302395737,0.9875017350527148,0.9872626623700547,0.9942485447797761,0.9905938520984185,0.990566591600249,0.9829401898579291,0.9887496763606872,0.9931274347334436,0.9886578494800884,0.9839399503492912,0.9625848967553582,0.9861059451894338,0.975811465613565,0.989015861856072,0.9781666755706866,0.9921058654305163,0.9928987780301545,0.9856389726761013,0.9831197019021518,0.9894770494640035,0.9879005803250868,0.9908514152535519,0.9863481995713854,0.9793292988763624,0.9830128695529218,0.9882388189081036,0.9847136125240946,0.9792451732313182
32,0.17941148245899935,0.48089155486985025,0.48963360502748815,0.5053412438595094,0.762474044298429,0.7622375253408551,0.8782423270417663,0.9362058578452219,0.7534626913120398,0.9470103264920026,0.9733155872045204,0.9639122930906706,0.9789958494458177,0.9871249797716014,0.9906513229413547,0.990524833315974,0.9532868974614565,0.9465627200409058,0.9844561406739757,0.9951914534010019,0.9929625221070066,0.9559119373137335,0.9888421452192794,0.9939214066771851,0.9684568524022182,0.9924640967902679,0.9842380430601677,0.9932093231384449,0.9998307239222022,0.9667203352705382,0.9880002355786123,0.987910922869313,1,0.9916292565888946,0.9902984987614685,0.9910780969219004,0.9932104194280943,0.9961794885937784,0.9911508511614681,0.9914706451509839,0.9971986476732029,0.9906199962304568,0.9901538921835465,0.9925843585300516,0.9664524809489446,0.9843455428526966,0.9846314085855977,0.9974721928372042,0.9807348182191562,0.9960957937429582,0.9927814714857591,0.9866166300851746,0.9828513422725329,0.991523799165152,0.9923237184659496,0.9975584623386771,0.9874483747994576,0.9920956828471018,0.9836691051616114,0.9885507781254091,0.9872026238867943,0.982538593485824
33,0.2091432017184934,0.5305380555285745,0.5256017624738586,0.5839521550638969,0.754596399536756,0.8020901180928784,0.8586177802967094,0.9563859048969678,0.7891756189953208,0.9591999990945543,0.9727505801031296,0.9667368127211569,0.9746810007837153,0.9720916080178535,0.985071719108247,0.9750407566842654,0.9412108158614729,0.9340323926702203,0.9795195308664253,0.9824116588888809,0.98041774403863,0.9422303800374894,0.9785960741169335,0.9776927463041867,0.9719743948279117,0.981301985610457,0.9711529175803518,0.9792149886492753,0.992177453293413,0.9563487734577788,0.9785403785027533,0.9781151302395737,0.9916292565888946,1,0.9780546997662432,0.9764759186170888,0.9758895925815245,0.9807879221175965,0.97615823894429,0.9971182783530029,0.993371454036621,0.9750046420145323,0.976461310672199,0.9834891469227932,0.9518350426429382,0.9757590529540879,0.9709436221526355,0.988590922568112,0.9659006761164358,0.990841681198683,0.9794579965039826,0.9723522781128523,0.9672886175848774,0.9791811998906672,0.9760788207995049,0.9871374347285309,0.9714612046781714,0.9859609081452553,0.9690482347887748,0.9745977974794432,0.9710466209094721,0.9666560308974284
34,0.059858026553128406,0.3906093768422622,0.3823800488019739,0.4103813129489613,0.7125217124856659,0.6982233032522999,0.8512230354438164,0.8973868111174387,0.6802140754377579,0.9217701551942996,0.9681802682478517,0.9629379420349171,0.966453592331774,0.9788302371689384,0.9870617971820309,0.9855967406550247,0.9450006911147923,0.9377107063288729,0.9904796895416965,0.9895270399542729,0.9940243710357799,0.9499985361852933,0.9939455972345143,0.9976766489441664,0.9306688826269796,0.9889433090807228,0.9964262667395796,0.9956446312076921,0.9880492249052225,0.9596629406740366,0.9904428955761798,0.9875017350527148,0.9902984987614685,0.9780546997662432,1,0.9967811269020718,0.9922079211335398,0.9957631047936223,0.9986252586577509,0.978260443913152,0.9874548234696947,0.9929649332403451,0.9968484019162839,0.9915004398310148,0.9783295589198929,0.9817680608749868,0.9966405501813005,0.9938023088730792,0.9825490395716459,0.9908357664717833,0.9980115907598842,0.9970544544420509,0.9962223858775996,0.9954336717160444,0.9979642008251915,0.9963540751358102,0.998385718338501,0.9881231137289423,0.9962892001563372,0.997073575585151,0.9973499900273722,0.9960759105231476
35,0.07639472413371158,0.39814577755569497,0.38443920078235505,0.403849887290811,0.7045996408404365,0.6836669201977181,0.8363188074379173,0.9042055800689649,0.6727992532121273,0.9171310422878006,0.9643676296262459,0.9509230342523682,0.968351659800196,0.9756913118973097,0.988973966063106,0.9829550537823372,0.9402667235309834,0.9332167779040296,0.982994576850776,0.9924909300456747,0.9987821068534528,0.9462736494991915,0.9922001203917652,0.9946059387407724,0.9297189706122777,0.9898826781807665,0.9923422802379477,0.9941461395055836,0.9888058207561141,0.9590557455512174,0.9904003069370682,0.9872626623700547,0.9910780969219004,0.9764759186170888,0.9967811269020718,1,0.9939473703937683,0.9965300543110488,0.9985997730573831,0.9814383278316628,0.9870611940671797,0.9927739548909457,0.9968401955015497,0.9939292993967836,0.9784400115579674,0.9828344309807101,0.9960187422166276,0.9950755661608041,0.9800463227452995,0.9891611274235934,0.9958515198618607,0.997956193424839,0.9950427125030009,0.9980101467615982,0.9986115323242777,0.9974567141509493,0.998514046269246,0.9866533523906613,0.9976973483386727,0.9976627499073741,0.9992029693124836,0.9963321601284001
36,0.12957735891580147,0.4323076362924173,0.4363580407824382,0.4378264377693646,0.7601045054390033,0.7094662798525933,0.8788193217230958,0.9179477357069791,0.725586222005453,0.93562335892809,0.9613590304015189,0.9649459423918834,0.9749559913669208,0.9882298029914592,0.9851387318541276,0.9921538557389905,0.9664572268648971,0.9599963487996741,0.9871641971630888,0.9925003157146619,0.993589901654138,0.9687480100618359,0.9933950386930657,0.9943744124125243,0.9486222250130733,0.9954241870191652,0.9877529421576824,0.9925154821575107,0.9921394272784937,0.9759066229451244,0.9930942017781264,0.9942485447797761,0.9932104194280943,0.9758895925815245,0.9922079211335398,0.9939473703937683,1,0.9984878589637335,0.9948762118471983,0.9796364184767429,0.991648608131788,0.9981174418713212,0.9921362462054476,0.9897995764471692,0.9698694356962916,0.9879810639315435,0.9857471343807944,0.9942878410596163,0.9835409823711956,0.9924025339755607,0.9957480638510336,0.9891604309447265,0.9889734917650901,0.9937500696658623,0.9957383444946593,0.9958879460889337,0.9917698588985185,0.9891348016278492,0.9880025765559393,0.9921840445664792,0.9915163116234632,0.9860257950239862
37,0.12702296263961665,0.42224893570354927,0.4359291408271122,0.4401372810458179,0.741182913744031,0.7106990290922014,0.8729306250194836,0.9133698049863542,0.7164028541409976,0.9297402976180698,0.9713166913964757,0.9608842318593827,0.971793720272701,0.9852937902746691,0.9874770391443459,0.9902268687772109,0.9557174988503032,0.9484515364836765,0.9864225656215249,0.9935414995775426,0.9965336467941449,0.9586422814470321,0.992307583226379,0.9974008660992173,0.9502600089283211,0.9930386403001141,0.9924192466448555,0.9945320226700805,0.9949689867698874,0.9666914524661501,0.9917994461256474,0.9905938520984185,0.9961794885937784,0.9807879221175965,0.9957631047936223,0.9965300543110488,0.9984878589637335,1,0.9967349228421036,0.9827764835294654,0.9939319763186862,0.9975099502776761,0.9943925211739717,0.9942104830028535,0.9751181494604029,0.9854102791837868,0.9919614456037655,0.9972276623309794,0.9828918735805903,0.9945007774021198,0.9975285914895416,0.9925858651577771,0.9924289856150003,0.9950815970246535,0.9984281057583857,0.9983899670823468,0.9946816813016527,0.9931833627090568,0.991665021823421,0.994004772035588,0.994563607415158,0.990861115407178
38,0.06325287540788467,0.4038148451555823,0.38341792339354874,0.40450667978132815,0.7244053738203011,0.6984805242792943,0.8492057372763965,0.9037946662603029,0.6781595591923804,0.9260582384492606,0.9606094862878903,0.9616059616408704,0.972870048690797,0.9825456922516692,0.9898578306959616,0.9887782696839331,0.9491832433410884,0.9427251722880629,0.9895703926887424,0.9937882657952246,0.9959155639858948,0.9550573002686881,0.9961511863104954,0.9973782522523129,0.9301204642317998,0.9930210178218444,0.9930823145164606,0.9975818545948059,0.9890113621353264,0.9663184870694852,0.9919409472612132,0.990566591600249,0.9911508511614681,0.97615823894429,0.9986252586577509,0.9985997730573831,0.9948762118471983,0.9967349228421036,1,0.9792049584991852,0.9865852020619733,0.9936210334572716,0.9985965620041544,0.9911097775451041,0.978006946055634,0.9852565387370192,0.9946558121926135,0.9946587476239218,0.9851648798266925,0.9899417724841086,0.9977917217335047,0.9982327147307167,0.9950008078255251,0.9981325590007728,0.9985816556649121,0.9974667450378313,0.999252078280348,0.9847735437555539,0.9969509432429695,0.9990581362083154,0.9987587947536135,0.995740307438372
39,0.20766797606521575,0.5322550178804364,0.5065752263704618,0.5592573567456045,0.7404995276565673,0.7804553116367432,0.8366071692935808,0.9597110532751817,0.7724179980945811,0.956400188431883,0.9653197474056868,0.9596376684990261,0.9771188558309812,0.9703789289922728,0.9902670634029077,0.9741951801582396,0.9382646544573833,0.9306414694014109,0.9770070930228981,0.9845860590826052,0.9860299155156824,0.9396597448942584,0.9816374567501168,0.9767986169291821,0.9675503359506068,0.9846503790528996,0.9721395977952031,0.9801302905277806,0.9916054787557645,0.9580872169745482,0.9846246105496922,0.9829401898579291,0.9914706451509839,0.9971182783530029,0.978260443913152,0.9814383278316628,0.9796364184767429,0.9827764835294654,0.9792049584991852,1,0.9935081613365373,0.9786912914606363,0.9789073126556502,0.9882022740385419,0.9567273327209845,0.9755938984939192,0.9731311164142954,0.9901285794674801,0.9621227353713676,0.9919866805097153,0.9816529570641883,0.9773437941825579,0.9718170385587762,0.9826628910680678,0.9792264640868571,0.9888789928840773,0.97530817593,0.9840939607995128,0.9749862896911259,0.9776175873673133,0.9758746225392675,0.9715176748274227
40,0.20391795496097723,0.4869444585486317,0.5012111963216352,0.5245756663738657,0.75210016050676,0.7581885793670908,0.8740757290894606,0.9408195798057222,0.7734934295786224,0.9480893048996752,0.9770414334133688,0.9657880738870214,0.9727846502955588,0.9809686614131146,0.9876524482399461,0.9844950395017966,0.9535530582277107,0.9452135378499321,0.9838859676469218,0.9872797396650987,0.990517638240935,0.9529640826228531,0.9862906691928953,0.9889580671451297,0.9737242664090575,0.9891380339285359,0.9852168275341775,0.986253796454359,0.9971632963822674,0.96338742194337,0.9906001323861766,0.9887496763606872,0.9971986476732029,0.993371454036621,0.9874548234696947,0.9870611940671797,0.991648608131788,0.9939319763186862,0.9865852020619733,0.9935081613365373,1,0.9922929352510987,0.9841709262060674,0.9938552831305048,0.9643900416453371,0.9796955813227335,0.9819895399981056,0.9952073143015313,0.9708759066212748,0.9986696504620375,0.9918053713747096,0.9819820292747244,0.9827705572286966,0.9860300253810558,0.989291216961483,0.994311625751951,0.9828443384998945,0.9958121252292721,0.9805646529669206,0.9825604343482213,0.982437012464005,0.9791768468965032
41,0.12715316416328476,0.4169135694267174,0.4313662608810602,0.42916846781584,0.7359590999923329,0.6956594220521222,0.8687636862111572,0.9105866325159419,0.7194434806712623,0.9283238432383095,0.9646405128296284,0.96228127226011,0.9678364777349994,0.9816985465298039,0.9838762888864483,0.9867450245651639,0.9592418084076788,0.9507309577226781,0.9862625043613558,0.986142503772771,0.9927105381379729,0.9596318265506129,0.9916965097559646,0.9932208501461707,0.9471435904120343,0.9912510302652763,0.99242342248796,0.9893196687674956,0.9892119670945494,0.9673879511640134,0.9951018793492451,0.9931274347334436,0.9906199962304568,0.9750046420145323,0.9929649332403451,0.9927739548909457,0.9981174418713212,0.9975099502776761,0.9936210334572716,0.9786912914606363,0.9922929352510987,1,0.9905731109971357,0.9925674628571088,0.9766222301644037,0.9807848666115115,0.9882004650538734,0.9936167900478559,0.9752884486432244,0.9942179231812834,0.997103007489778,0.9894119291667629,0.993055890525311,0.9901784598990389,0.9960446893139525,0.9939472471838824,0.9916972916623421,0.9915726094184548,0.9895998237049747,0.9897990690793451,0.9910533156325081,0.9884674381467871
42,0.05346628374023814,0.40838950797007156,0.4004274318488614,0.4121805541991791,0.7295004695756181,0.7085363761503708,0.8493271988533533,0.9070436136311408,0.6779673804312936,0.9282655052326554,0.9559738244529903,0.961477785532854,0.9776452909110465,0.9820771062614884,0.9889920011367068,0.9882494046597327,0.9487257824830834,0.9424369241568709,0.9886756612754802,0.9942782711117887,0.9933645608414666,0.95521150299627,0.995091032734816,0.995636577926863,0.9281485260848144,0.9924163783853542,0.9886917912500747,0.9974062931835045,0.9880799594570208,0.9673937911508877,0.9888514834546067,0.9886578494800884,0.9901538921835465,0.976461310672199,0.9968484019162839,0.9968401955015497,0.9921362462054476,0.9943925211739717,0.9985965620041544,0.9789073126556502,0.9841709262060674,0.9905731109971357,1,0.987816237582432,0.983028215769093,0.9862912676292287,0.9919050761472664,0.9953880445180014,0.9874244282144671,0.9874287741543627,0.9952333153932791,0.996942554220734,0.9912102353031952,0.9980264798023264,0.9967094729841691,0.9964947581603575,0.9976050341052,0.9817672515071988,0.9946565926890223,0.9991694276853708,0.9970518804020635,0.9932674329622978
43,0.1533454405153428,0.43204733362791486,0.4312523529692665,0.44752954834865205,0.6888562489398359,0.7013737699785706,0.8299103186909038,0.9136598638689617,0.7042965751506531,0.9189493261874428,0.9740760588911473,0.944320264155049,0.9603706173877142,0.9684342088634899,0.9899598130839845,0.9755551767471463,0.9274919044517864,0.9174111901739995,0.976069158414455,0.9845429422519875,0.9966285298733258,0.9292192921312981,0.9849341887845715,0.9900553769501984,0.9514694793868272,0.9834321804673745,0.9930456704077074,0.9868911065072522,0.9910320472882593,0.9447400753083149,0.9916616715287728,0.9839399503492912,0.9925843585300516,0.9834891469227932,0.9915004398310148,0.9939292993967836,0.9897995764471692,0.9942104830028535,0.9911097775451041,0.9882022740385419,0.9938552831305048,0.9925674628571088,0.987816237582432,1,0.976768060807148,0.9687870120461839,0.9930476808319101,0.9942311459756656,0.9616764999593794,0.9954397019564438,0.9944959830681352,0.991864639119,0.9936804163794004,0.9881175926391111,0.9947393600611972,0.9942482225327787,0.991171254790431,0.9920993789853906,0.9926235907467842,0.9868345272849416,0.991683181325641,0.9924071308290114
44,0.03531089573463913,0.3430035210294274,0.40628786990963317,0.36174963494912443,0.6491150200644226,0.6458394205956096,0.8042829821513109,0.8669597129657142,0.6275959972830419,0.8810742259393937,0.9419939131949406,0.9212351851773264,0.9461245707793261,0.9456070229231941,0.966664890501537,0.9550282685183535,0.906127834194778,0.8942075742624774,0.959088183795877,0.9648271160020803,0.9756898188843848,0.9093423402198457,0.9690960914479495,0.9740229803158407,0.9021760949573495,0.963032360125432,0.9777665614229881,0.9721660678194859,0.9635928980811279,0.9242388725780165,0.9701656354340483,0.9625848967553582,0.9664524809489446,0.9518350426429382,0.9783295589198929,0.9784400115579674,0.9698694356962916,0.9751181494604029,0.978006946055634,0.9567273327209845,0.9643900416453371,0.9766222301644037,0.983028215769093,0.976768060807148,1,0.9511324267701494,0.9808368581267828,0.9806679101013974,0.9520303453602947,0.9693951906953374,0.9779193555438979,0.9811289337580844,0.981663068894793,0.9739822218090826,0.9820390066222564,0.9748617187771007,0.9807374008039786,0.9677822771890753,0.9819106548143227,0.9781072112269726,0.9807297606300162,0.9828926620514613
45,0.0931497960882538,0.45512264402137076,0.4516573231951488,0.48798656064568857,0.7997833344451755,0.7441709271212387,0.8898895054406701,0.9326673528022665,0.7468867496670863,0.9507423727395963,0.9496410538968567,0.9768390105768937,0.9828778746606153,0.9862468411107055,0.9738395849088681,0.988145794435206,0.9782622655619807,0.9760083683263813,0.9880485578223825,0.9908661074333589,0.9805024193178705,0.983767476263989,0.9885040595147011,0.982019782087066,0.9338293677912748,0.9922817383856726,0.9672046242733869,0.9854388532094733,0.9839284831151409,0.9875440843432269,0.9767414325396725,0.9861059451894338,0.9843455428526966,0.9757590529540879,0.9817680608749868,0.9828344309807101,0.9879810639315435,0.9854102791837868,0.9852565387370192,0.9755938984939192,0.9796955813227335,0.9807848666115115,0.9862912676292287,0.9687870120461839,0.9511324267701494,1,0.9693391710275965,0.9859573916126763,0.9950698899928206,0.9773034855986067,0.9800225694663433,0.97573616886299,0.9674656361326198,0.9914386432169714,0.98105635507913,0.9882107110025372,0.9793315319963314,0.9764747936197765,0.9720546991590466,0.9879843926827389,0.9793912751242776,0.967189910849677
46,0.05141483151612932,0.35120590756471615,0.35575428775638096,0.3781101214211669,0.6615388603344614,0.6578347468449437,0.8224891500484838,0.8772057722408034,0.6443407506569013,0.8945216126280774,0.9722757213169592,0.9399255641568939,0.9491113161626495,0.9624471650901177,0.9814795283634395,0.9715473514098846,0.9198709702274661,0.9108440130026904,0.9769554266513647,0.9819863403572862,0.9945675269352617,0.9255196022106486,0.9841440708047682,0.9924610138251868,0.918479422610437,0.977596975547253,0.9970563717742618,0.9882826224851856,0.9817710479690204,0.9369246877132562,0.9834725765143085,0.975811465613565,0.9846314085855977,0.9709436221526355,0.9966405501813005,0.9960187422166276,0.9857471343807944,0.9919614456037655,0.9946558121926135,0.9731311164142954,0.9819895399981056,0.9882004650538734,0.9919050761472664,0.9930476808319101,0.9808368581267828,0.9693391710275965,1,0.9898436344547368,0.9696055600571775,0.985075741195336,0.9934599926334318,0.9961247074149882,0.9973909234202677,0.9908259033809779,0.9965237720123222,0.9921182260020188,0.9968664524917752,0.9866363849326739,0.997566070909244,0.9926721880597768,0.9971856293252491,0.9984640144656898
47,0.13463385089917418,0.44580825450885003,0.4677939547223147,0.4743243037349799,0.7395709677687882,0.7343857380554131,0.8636288872436866,0.9273733301002343,0.7278418231452053,0.9375203028697386,0.9709546907259154,0.9611794981513363,0.9781753636900369,0.9824327716260414,0.9901561006823154,0.9874616384142045,0.9507233854517531,0.9430722933403175,0.9855919396094923,0.9944114267791464,0.9955659757209794,0.9538756245892065,0.9911644975424805,0.9942719674863136,0.955088845828852,0.9924296351245567,0.9880860004533014,0.993798988467403,0.9965354181343752,0.9654622384698567,0.9901460557791313,0.989015861856072,0.9974721928372042,0.988590922568112,0.9938023088730792,0.9950755661608041,0.9942878410596163,0.9972276623309794,0.9946587476239218,0.9901285794674801,0.9952073143015313,0.9936167900478559,0.9953880445180014,0.9942311459756656,0.9806679101013974,0.9859573916126763,0.9898436344547368,1,0.9820650017924101,0.9951690425309536,0.9949621639553416,0.9917137850631502,0.9884782489707107,0.9952216688482417,0.9960991473045797,0.9987623071807344,0.9924149017083662,0.9927511766994357,0.9898475467699931,0.9935806878004234,0.9925174991702248,0.9885639892474037
48,0.04657908550698194,0.41695186436661014,0.42691635691625895,0.44846394382786325,0.8000952530631109,0.7395230270103037,0.8984609562654479,0.9062531934217822,0.7141781338593184,0.9375430999467669,0.9433170183485232,0.971852354220986,0.9771130714779228,0.9874755069163696,0.9678699763662832,0.9895292189149293,0.9714222935706237,0.970000688820167,0.9857872749202491,0.9900053730200508,0.9745601669478008,0.97954039421602,0.98516634817632,0.9853649262339513,0.9216373928188424,0.9873795315490199,0.9661062667575898,0.9880955987417349,0.9798701884559755,0.9810282138050931,0.9682821879448315,0.9781666755706866,0.9807348182191562,0.9659006761164358,0.9825490395716459,0.9800463227452995,0.9835409823711956,0.9828918735805903,0.9851648798266925,0.9621227353713676,0.9708759066212748,0.9752884486432244,0.9874244282144671,0.9616764999593794,0.9520303453602947,0.9950698899928206,0.9696055600571775,0.9820650017924101,1,0.9701948330611447,0.9783881342507081,0.9757971744462093,0.965767388837576,0.9890894516663138,0.9802654073993612,0.9851985311428207,0.9801167357593793,0.969169137568634,0.9705685876449168,0.9883791485208611,0.9790302065390387,0.9677964187711728
49,0.1774957107776296,0.4774102990302342,0.4742430705611399,0.49863511760109597,0.7426761281762588,0.7512464168211881,0.8628360408805246,0.9341898917832215,0.7544467766993584,0.946992652227683,0.9706938892985334,0.9672120917104522,0.9733435055042486,0.9819113559020471,0.9911263665613994,0.986128840525713,0.9511564816018298,0.9424448783601147,0.9871354751327538,0.9873539698268592,0.9911623569956362,0.9510753083473745,0.9902799789376994,0.9915435729112576,0.9678551504796419,0.9907268189805413,0.9891317478980575,0.9896367475925151,0.9954885972895894,0.9638499655348579,0.9951699289570101,0.9921058654305163,0.9960957937429582,0.990841681198683,0.9908357664717833,0.9891611274235934,0.9924025339755607,0.9945007774021198,0.9899417724841086,0.9919866805097153,0.9986696504620375,0.9942179231812834,0.9874287741543627,0.9954397019564438,0.9693951906953374,0.9773034855986067,0.985075741195336,0.9951690425309536,0.9701948330611447,1,0.9955881998640167,0.9870676839085389,0.9879478474554311,0.9873220283177792,0.9917562296901807,0.994892170260449,0.9871721773270058,0.9931124678466351,0.9855351501533213,0.9856150826438682,0.9860028946926342,0.984500217519715
50,0.09880412062264143,0.41760838997290967,0.4066813378301413,0.42357507743342954,0.7259526411761092,0.7093139386659211,0.8555543894995499,0.9077149754753575,0.7006929152387397,0.9304549295221511,0.9644646756655042,0.9644250022624609,0.9701635306869303,0.9830214179312979,0.9901938128867014,0.9888034184368245,0.9503746057506022,0.9423909567515691,0.9903059265778984,0.9899569781563096,0.9943778695575647,0.9532950691555199,0.9952543806172944,0.9975487410962244,0.9436771353508109,0.9922556427334147,0.9957725153427478,0.9955889377404057,0.9909532424571437,0.9645212248048255,0.9960071851776586,0.9928987780301545,0.9927814714857591,0.9794579965039826,0.9980115907598842,0.9958515198618607,0.9957480638510336,0.9975285914895416,0.9977917217335047,0.9816529570641883,0.9918053713747096,0.997103007489778,0.9952333153932791,0.9944959830681352,0.9779193555438979,0.9800225694663433,0.9934599926334318,0.9949621639553416,0.9783881342507081,0.9955881998640167,1,0.9959268854728252,0.9964231865501639,0.9936009205787497,0.9981864206794332,0.9967380488510345,0.9968360314164922,0.9892909900761586,0.9949590747335625,0.9946109898458062,0.9955279892148985,0.9945063418880862
51,0.04356780334068808,0.3872886474650227,0.3567674869845398,0.38115861624606945,0.6892713265742179,0.6813670239627713,0.8187527533193222,0.8934800469406499,0.6492573913435058,0.9133277639420635,0.9550822739815976,0.9491683233210936,0.9651709796253829,0.9723282330178374,0.9895331767523433,0.9803448942867448,0.9308111580913445,0.9232895742889863,0.9830964889829029,0.9889816999761804,0.9950352289393518,0.9377398293517688,0.9923204556898035,0.993817205525206,0.920588953396497,0.9869507184708326,0.9927953782354448,0.9946074543265582,0.9837712720780623,0.9536678188308085,0.9903855644484332,0.9856389726761013,0.9866166300851746,0.9723522781128523,0.9970544544420509,0.997956193424839,0.9891604309447265,0.9925858651577771,0.9982327147307167,0.9773437941825579,0.9819820292747244,0.9894119291667629,0.996942554220734,0.991864639119,0.9811289337580844,0.97573616886299,0.9961247074149882,0.9917137850631502,0.9757971744462093,0.9870676839085389,0.9959268854728252,1,0.9964329058545223,0.99543577624383,0.9971392975977229,0.9945071656081166,0.9994007810327772,0.9799399245410678,0.9992587910206127,0.9973224914351813,0.9990950861461978,0.9985881009468761
52,0.05708629026685277,0.36095336573726333,0.3505189098476847,0.36708514020373056,0.6691816289849227,0.6543927295252676,0.8216267152548559,0.8797348503635407,0.6500189368624848,0.9006530176479085,0.962949180012608,0.9451714689930975,0.9513121557656162,0.9656555472530908,0.9832043821802244,0.9743102798828592,0.9277345703194905,0.9180941673079522,0.9801689164874603,0.9797112530866007,0.9932545945005551,0.9314412669426935,0.9879116881913645,0.9921444466548328,0.9204785806401605,0.9809071519613742,0.9982963948259916,0.9881610611859457,0.979873862071056,0.9439207293761467,0.9908643874855683,0.9831197019021518,0.9828513422725329,0.9672886175848774,0.9962223858775996,0.9950427125030009,0.9889734917650901,0.9924289856150003,0.9950008078255251,0.9718170385587762,0.9827705572286966,0.993055890525311,0.9912102353031952,0.9936804163794004,0.981663068894793,0.9674656361326198,0.9973909234202677,0.9884782489707107,0.965767388837576,0.9879478474554311,0.9964231865501639,0.9964329058545223,1,0.9890390871235699,0.9967445506482712,0.9907827827796023,0.9969703537280087,0.9847997391788444,0.9980834232238183,0.9915921152558921,0.9964499132634983,0.998534733653171
53,0.06782200895379682,0.41709527421736275,0.39988467838028313,0.42753113518145325,0.7350998885470944,0.7079158993644039,0.8497311766060685,0.915332614659857,0.6900110141912005,0.9310391224464984,0.9591583748372187,0.9616327575982774,0.9776209840382641,0.9819146401961696,0.98841183324325,0.9876862201626303,0.9526238257996238,0.9473915823222003,0.987888922039805,0.9961525091197985,0.9957515931264281,0.9595835933023933,0.9947859336573923,0.9937191995731883,0.9304345820051869,0.9938941807589526,0.9864254379220624,0.9958130296190242,0.9896819445854529,0.9710191836062652,0.9884928592439882,0.9894770494640035,0.991523799165152,0.9791811998906672,0.9954336717160444,0.9980101467615982,0.9937500696658623,0.9950815970246535,0.9981325590007728,0.9826628910680678,0.9860300253810558,0.9901784598990389,0.9980264798023264,0.9881175926391111,0.9739822218090826,0.9914386432169714,0.9908259033809779,0.9952216688482417,0.9890894516663138,0.9873220283177792,0.9936009205787497,0.99543577624383,0.9890390871235699,1,0.9959778387563764,0.9977225648112894,0.996455185296035,0.9838405688708426,0.993567080904413,0.9990865851329478,0.9968646158402417,0.9910267196919771
54,0.08313768822346695,0.38944989772243127,0.3978064437658701,0.40361970952743237,0.711030576590482,0.6867777436075253,0.8503141252962001,0.8985597864923554,0.6809179845587041,0.9167610403928425,0.9671371985920104,0.9535666272887844,0.9661227360920243,0.978578951531567,0.9870642169804535,0.9853048780294423,0.9438840927317989,0.9359990023944098,0.9845682145048186,0.9912201721954383,0.9971868025993841,0.9483921098257889,0.9920361621529018,0.9972257863925207,0.9357236033761148,0.9897133502653007,0.9952451456205891,0.9947412019329828,0.9902299057102715,0.9588316411358181,0.991354067119761,0.9879005803250868,0.9923237184659496,0.9760788207995049,0.9979642008251915,0.9986115323242777,0.9957383444946593,0.9984281057583857,0.9985816556649121,0.9792264640868571,0.989291216961483,0.9960446893139525,0.9967094729841691,0.9947393600611972,0.9820390066222564,0.98105635507913,0.9965237720123222,0.9960991473045797,0.9802654073993612,0.9917562296901807,0.9981864206794332,0.9971392975977229,0.9967445506482712,0.9959778387563764,1,0.9975658020805093,0.9984592705778004,0.9898914466438288,0.9968499973850637,0.9965860669724836,0.9983747107188252,0.9965700639577859
55,0.11772309393124454,0.4382949377633004,0.43756644953152385,0.4591871810909853,0.740071639439238,0.7284233697696518,0.8616032679815666,0.9230455406774337,0.7176884374827036,0.9370162039481706,0.9699210862858643,0.9634930034224115,0.9771569509527448,0.9847111271057756,0.9913673609880529,0.9898205361906145,0.9523849475076882,0.9457683666631986,0.9883719051714203,0.9963748342519823,0.9971973474940429,0.956872500981837,0.993964564474686,0.9965687741153256,0.9502032416509616,0.9943393604373207,0.9902003025037166,0.9964013690358331,0.9963308160508757,0.968113322174689,0.9916209304063411,0.9908514152535519,0.9975584623386771,0.9871374347285309,0.9963540751358102,0.9974567141509493,0.9958879460889337,0.9983899670823468,0.9974667450378313,0.9888789928840773,0.994311625751951,0.9939472471838824,0.9964947581603575,0.9942482225327787,0.9748617187771007,0.9882107110025372,0.9921182260020188,0.9987623071807344,0.9851985311428207,0.994892170260449,0.9967380488510345,0.9945071656081166,0.9907827827796023,0.9977225648112894,0.9975658020805093,1,0.9953984844265594,0.9916308815111897,0.9926435671602416,0.9962821686105829,0.9953865975422188,0.9911901836275047
56,0.04105793430124387,0.3769991917127529,0.35861173686773684,0.378860302669549,0.6985410724521809,0.6774270776659082,0.8326997800926609,0.8905308163849139,0.6540827979575139,0.9128397515106051,0.9587130628219992,0.9525903995500464,0.964762095735229,0.9752731285418407,0.9872149044589917,0.9828461044634175,0.9378181261302359,0.9306195069821604,0.9851811059093312,0.9898668881695956,0.9953461266838937,0.9444094881902023,0.9930846655007114,0.995739177863705,0.9207955465082979,0.9881410088772753,0.9942729604836033,0.9952664272489123,0.9847244877723743,0.9569753065869939,0.9899594073559145,0.9863481995713854,0.9874483747994576,0.9714612046781714,0.998385718338501,0.998514046269246,0.9917698588985185,0.9946816813016527,0.999252078280348,0.97530817593,0.9828443384998945,0.9916972916623421,0.9976050341052,0.991171254790431,0.9807374008039786,0.9793315319963314,0.9968664524917752,0.9924149017083662,0.9801167357593793,0.9871721773270058,0.9968360314164922,0.9994007810327772,0.9969703537280087,0.996455185296035,0.9984592705778004,0.9953984844265594,1,0.9826418034458985,0.9988921866497732,0.9983180894665209,0.9996644887103545,0.9983298333374206
57,0.17058601328058573,0.4200059518470577,0.4763784006528144,0.49215631165585644,0.7198990846906665,0.7144791831590782,0.8744011394336326,0.9148089440734772,0.7494546173563511,0.9218398184320248,0.9870932833391349,0.9550366318694319,0.9558057191391227,0.9699826105055585,0.9757927401923414,0.9752649812835449,0.9452565696424493,0.9360065397515208,0.9781087824239365,0.9801177063598122,0.9895846937309981,0.9447709254618664,0.9790713674922764,0.9875258891766318,0.9593281974305776,0.9799757554029659,0.9888385769392668,0.9801838715508935,0.9914315864332127,0.949817841672971,0.9830581091469164,0.9793292988763624,0.9920956828471018,0.9859609081452553,0.9881231137289423,0.9866533523906613,0.9891348016278492,0.9931833627090568,0.9847735437555539,0.9840939607995128,0.9958121252292721,0.9915726094184548,0.9817672515071988,0.9920993789853906,0.9677822771890753,0.9764747936197765,0.9866363849326739,0.9927511766994357,0.969169137568634,0.9931124678466351,0.9892909900761586,0.9799399245410678,0.9847997391788444,0.9838405688708426,0.9898914466438288,0.9916308815111897,0.9826418034458985,1,0.9807238686542974,0.981074529294553,0.9829102018295925,0.9806301976586274
58,0.040206435085841534,0.3702509104624291,0.34321648513565134,0.3675618247123834,0.6708874493181819,0.6604274584872882,0.8105427699247569,0.8860822990189305,0.6391945278521779,0.903962992721873,0.9579767088736988,0.9436652165939189,0.9579962122385279,0.9663195529730771,0.9868542162983801,0.9751431529861294,0.9253875897667833,0.9170118257302051,0.9799207988271781,0.9849138444648262,0.9954031912985798,0.9316854736752275,0.9897798372627584,0.9916564939164056,0.9150462186326059,0.9833446966501889,0.9946324427060685,0.9910281515276199,0.98059633058769,0.9470142736116578,0.9894257217903377,0.9830128695529218,0.9836691051616114,0.9690482347887748,0.9962892001563372,0.9976973483386727,0.9880025765559393,0.991665021823421,0.9969509432429695,0.9749862896911259,0.9805646529669206,0.9895998237049747,0.9946565926890223,0.9926235907467842,0.9819106548143227,0.9720546991590466,0.997566070909244,0.9898475467699931,0.9705685876449168,0.9855351501533213,0.9949590747335625,0.9992587910206127,0.9980834232238183,0.993567080904413,0.9968499973850637,0.9926435671602416,0.9988921866497732,0.9807238686542974,1,0.9955652494575025,0.9990565961069005,0.9994757050866409
59,0.038545363695457704,0.3960055796540049,0.3776471867811918,0.40232936858868135,0.7247505150336317,0.6972215807972302,0.844400174773215,0.9028896899316323,0.6703783869056796,0.9248564063648812,0.9556413560345595,0.9608122789502636,0.9741217113877284,0.9804201971015081,0.9872569527016052,0.9867770312806889,0.9487426175853688,0.9431037116615056,0.9887059236832243,0.9939530988376263,0.9939837537185707,0.9561436120443206,0.9952216726860658,0.994770487948148,0.9219955829367014,0.9920498579795396,0.9888253542066522,0.9966185319133899,0.9862651866846904,0.9675947118035005,0.9881600314975502,0.9882388189081036,0.9885507781254091,0.9745977974794432,0.997073575585151,0.9976627499073741,0.9921840445664792,0.994004772035588,0.9990581362083154,0.9776175873673133,0.9825604343482213,0.9897990690793451,0.9991694276853708,0.9868345272849416,0.9781072112269726,0.9879843926827389,0.9926721880597768,0.9935806878004234,0.9883791485208611,0.9856150826438682,0.9946109898458062,0.9973224914351813,0.9915921152558921,0.9990865851329478,0.9965860669724836,0.9962821686105829,0.9983180894665209,0.981074529294553,0.9955652494575025,1,0.9981121336701153,0.993755901574294
60,0.04445952091235214,0.37448722794960765,0.35844840795122057,0.3776476840182158,0.6925672698406796,0.6702073600250431,0.8283076310104476,0.8907948901794769,0.6508376968939401,0.9093397281030954,0.9601244800936788,0.948253160697846,0.963473950548472,0.9728093045770664,0.986690987116387,0.9806539295918876,0.9350510894443632,0.9278089755189259,0.9823878114827961,0.9899591665432845,0.9966774910064065,0.9419076930542681,0.9915796665754053,0.9943696793356128,0.9192385438286717,0.9871814168895886,0.9934001553303616,0.993936106171573,0.9844886302420797,0.954699624139148,0.9885881840746557,0.9847136125240946,0.9872026238867943,0.9710466209094721,0.9973499900273722,0.9992029693124836,0.9915163116234632,0.994563607415158,0.9987587947536135,0.9758746225392675,0.982437012464005,0.9910533156325081,0.9970518804020635,0.991683181325641,0.9807297606300162,0.9793912751242776,0.9971856293252491,0.9925174991702248,0.9790302065390387,0.9860028946926342,0.9955279892148985,0.9990950861461978,0.9964499132634983,0.9968646158402417,0.9983747107188252,0.9953865975422188,0.9996644887103545,0.9829102018295925,0.9990565961069005,0.9981121336701153,1,0.9982418907444233
61,0.037238500162156865,0.35565116844748706,0.33948230748088637,0.35779461197721163,0.6610958056433066,0.6546959763087717,0.8100932025036801,0.8764481146386436,0.630963495447815,0.8962632102394309,0.959577445579536,0.9388844466775699,0.9522697908891589,0.963631802266771,0.9843036185509316,0.9728713588096024,0.919115746310473,0.9101594105599861,0.9771237276929753,0.9823096503034917,0.9938520990845886,0.925352506973331,0.9867435961984216,0.9919493223040066,0.9139201682052563,0.9796326728911446,0.9956981218389894,0.9898766605127858,0.9793236605289609,0.940176050576615,0.9869925375240081,0.9792451732313182,0.982538593485824,0.9666560308974284,0.9960759105231476,0.9963321601284001,0.9860257950239862,0.990861115407178,0.995740307438372,0.9715176748274227,0.9791768468965032,0.9884674381467871,0.9932674329622978,0.9924071308290114,0.9828926620514613,0.967189910849677,0.9984640144656898,0.9885639892474037,0.9677964187711728,0.984500217519715,0.9945063418880862,0.9985881009468761,0.998534733653171,0.9910267196919771,0.9965700639577859,0.9911901836275047,0.9983298333374206,0.9806301976586274,0.9994757050866409,0.993755901574294,0.9982418907444233,1
